lb_uri,name,year,tmdb_id,note
https://boxd.it/vPYs,Elize Matsunaga: Once Upon a Crime,2021,,
https://boxd.it/kmvE,Hamilton,2020,,928944 Festa - Hamilton (2021) 0.75; 556574 Hamilton (2025) 0.70; 17629 Hamilton (1998) 0.70
https://boxd.it/5tqG,House of Cards,1990,,4930 House of Cards (1968) 0.70; 47095 House of Cards (1993) 0.70; 194076 The House of Cards (1909) 0.70
https://boxd.it/wK0a,John of God: The Crimes of a Spiritual Healer,2021,,823876 John of God the Movie (2015) 0.43; 1614323 Miracle Man: John of God (None) 0.38; 372331 John Mayall - The Godfather of British Blues/The Turning Point (2004) 0.34
https://boxd.it/qIxa,"La foi du siècle, une histoire du communisme",2005,,
https://boxd.it/i3RC,Marighella,2019,,500458 Marighella (2021) 0.82; 203593 Marighella (2012) 0.70; 1683043 Cine Marighella (2016) 0.56
https://boxd.it/n9ZC,Pacified,2019,,625518 Pacified (2022) 0.70
https://boxd.it/fl5A,Sherlock: The Final Problem,2017,,126850 The Adventures of Sherlock Holmes and Dr. Watson: Mortal Fight (1980) 0.29
https://boxd.it/uBH6,Sherlock: The Lying Detective,2017,,379170 Sherlock: The Abominable Bride (2016) 0.68; 607789 Sherlock Holmes: The Speckled Band (2017) 0.67; 459728 Sherlock Toms (2017) 0.64
https://boxd.it/uDZw,Sherlock: The Six Thatchers,2017,,607789 Sherlock Holmes: The Speckled Band (2017) 0.70; 459728 Sherlock Toms (2017) 0.69; 379170 Sherlock: The Abominable Bride (2016) 0.67
